{"cameraMode":{"drawMode":0,"name":"Shaded","section":"Shading Mode"},"sceneLighting":false,"audioPlay":false,"sceneViewState":{"m_AlwaysRefresh":false,"showFog":true,"showSkybox":false,"showFlares":true,"showImageEffects":true,"showParticleSystems":true,"showVisualEffectGraphs":true,"m_FxEnabled":true},"in2DMode":false,"pivot":{"x":-20.19798469543457,"y":5.194613456726074,"z":-13.947653770446778},"rotation":{"x":0.027906734496355058,"y":-0.9429031014442444,"z":0.3217284083366394,"w":0.08230163156986237},"size":28.263769149780275,"orthographic":false}