{"cameraMode":{"drawMode":0,"name":"Shaded","section":"Shading Mode"},"sceneLighting":false,"audioPlay":false,"sceneViewState":{"m_AlwaysRefresh":false,"showFog":false,"showSkybox":false,"showFlares":false,"showImageEffects":false,"showParticleSystems":false,"showVisualEffectGraphs":true,"m_FxEnabled":true},"in2DMode":false,"pivot":{"x":-0.000012730133676086552,"y":0.008719894103705883,"z":-0.00008265961514553055},"rotation":{"x":0.003002783050760627,"y":-0.9960454702377319,"z":-0.08055230230093003,"w":-0.03854965791106224},"size":-5.691280364990234,"orthographic":false}