{"cameraMode":{"drawMode":0,"name":"Shaded","section":"Shading Mode"},"sceneLighting":false,"audioPlay":false,"sceneViewState":{"m_AlwaysRefresh":false,"showFog":true,"showSkybox":false,"showFlares":true,"showImageEffects":true,"showParticleSystems":true,"showVisualEffectGraphs":true,"m_FxEnabled":true},"in2DMode":false,"pivot":{"x":13.613527297973633,"y":21.705970764160158,"z":-15.606167793273926},"rotation":{"x":0.2226664274930954,"y":0.5049737691879273,"z":-0.13664689660072328,"w":0.8226918578147888},"size":13.400005340576172,"orthographic":false}